grid_size,lr,sigma,tau,tau_2,quantization_error,topographical_error,quantization_error_std,topographical_error_std
"[10, 10]",0.005,1,10,10,2.9797721841607614,0.14586994727592267,0.005533217733193041,0.0035149384885764523
"[10, 10]",0.005,1,10,20,2.789395179198814,0.23198594024604569,0.024467280176649675,0.036906854130052735
"[10, 10]",0.005,1,10,40,2.7389603122402972,0.29789103690685415,0.029756868926242852,0.011423550087873463
"[10, 10]",0.005,1,20,10,2.936064292262274,0.11687170474516696,0.001150410114225675,0.006151142355008785
"[10, 10]",0.005,1,20,20,2.7417500562031347,0.1687170474516696,0.01918173791439548,0.0035149384885764523
"[10, 10]",0.005,1,20,40,2.621006241294283,0.2557117750439367,0.024098035430847098,0.0360281195079086
"[10, 10]",0.005,1,40,10,3.003890906077653,0.10896309314586994,0.012854646005349801,0.022847100175746905
"[10, 10]",0.005,1,40,20,2.7139802184428965,0.10984182776801407,0.015945996359103987,0.004393673110720565
"[10, 10]",0.005,1,40,40,2.6059750710581944,0.1669595782073814,0.02930440846161808,0.024604569420035152
"[10, 10]",0.005,5,10,10,2.99826227925947,0.012302284710017576,0.0020382424683222933,0.0017574692442882253
"[10, 10]",0.005,5,10,20,2.71476239663586,0.03954305799648506,0.005485249093027722,0.011423550087873461
"[10, 10]",0.005,5,10,40,2.4905837081056097,0.08260105448154657,0.003747959084985375,0.0035149384885764523
"[10, 10]",0.005,5,20,10,3.1077170555000766,0.0017574692442882249,0.020712871417503775,0.0017574692442882249
"[10, 10]",0.005,5,20,20,2.8304857051432304,0.01054481546572935,0.0013352455591935097,0.0035149384885764506
"[10, 10]",0.005,5,20,40,2.5781685236190106,0.03339191564147627,5.2549896652376304e-05,0.007029876977152898
"[10, 10]",0.005,5,40,10,3.266123999353247,0.0008787346221441124,0.0005086320975911107,0.0008787346221441124
"[10, 10]",0.005,5,40,20,2.97493146988026,0.0026362038664323375,0.0044958977162761204,0.0026362038664323375
"[10, 10]",0.005,5,40,40,2.735568770869083,0.014059753954305799,0.003238586099286289,0.0017574692442882262
"[10, 10]",0.005,10,10,10,3.1897202998191583,0.01054481546572935,0.006775118980115069,0.0017574692442882227
"[10, 10]",0.005,10,10,20,2.811204630038474,0.03339191564147628,0.0029870475983626577,0.0
"[10, 10]",0.005,10,10,40,2.5369855014696574,0.09666080843585237,0.0039697203278832305,0.01581722319859403
"[10, 10]",0.005,10,20,10,3.4139053655304545,0.0008787346221441124,0.002419897726433806,0.0008787346221441124
"[10, 10]",0.005,10,20,20,2.9924083017007,0.011423550087873463,0.005368994685894579,0.004393673110720563
"[10, 10]",0.005,10,20,40,2.676554767076464,0.029876977152899824,0.0030671022219947996,0.0
"[10, 10]",0.005,10,40,10,3.730699426785047,0.0,0.0021247120959233534,0.0
"[10, 10]",0.005,10,40,20,3.2727213082686744,0.0017574692442882249,0.004361590546485994,0.0
"[10, 10]",0.005,10,40,40,2.9203833708105,0.004393673110720564,0.0010093566973365942,0.004393673110720564
"[10, 10]",0.05,1,10,10,2.2569328326973634,0.2565905096660809,0.0367371846576805,0.0035149384885764523
"[10, 10]",0.05,1,10,20,2.157362719211737,0.312829525483304,0.004264088108841602,0.008787346221441145
"[10, 10]",0.05,1,10,40,2.059060665937797,0.35500878734622143,0.006106323068320041,0.0035149384885764523
"[10, 10]",0.05,1,20,10,2.31290927081491,0.17223198594024602,0.02122114036059175,0.017574692442882248
"[10, 10]",0.05,1,20,20,2.1606155960995035,0.3022847100175747,0.0012192030521562813,0.007029876977152905
"[10, 10]",0.05,1,20,40,2.0561196555128545,0.3471001757469244,0.0009541342042940215,0.016695957820738128
"[10, 10]",0.05,1,40,10,2.3993795956829516,0.10281195079086117,0.01956391446418082,0.009666080843585237
"[10, 10]",0.05,1,40,20,2.178709594148646,0.19947275922671354,0.0037152785736611627,0.0008787346221440923
"[10, 10]",0.05,1,40,40,2.059593093613757,0.3339191564147628,0.00048362653548261747,0.010544815465729357
"[10, 10]",0.05,5,10,10,2.4823137338011456,0.04745166959578208,0.007551842842362433,0.012302284710017573
"[10, 10]",0.05,5,10,20,2.1755130622171825,0.20386643233743407,0.010152091991723289,0.0035149384885764384
"[10, 10]",0.05,5,10,40,2.071578525732641,0.27855887521968364,0.0018388604187948854,0.0061511423550087985
"[10, 10]",0.05,5,20,10,2.725243557492094,0.009666080843585237,0.0012294225973059625,0.004393673110720563
"[10, 10]",0.05,5,20,20,2.3575145098537513,0.07644991212653779,0.00852713137179717,0.009666080843585237
"[10, 10]",0.05,5,20,40,2.1200091698258077,0.22934973637961337,0.0006908896577146884,0.02724077328646747
"[10, 10]",0.05,5,40,10,2.9706954363679063,0.005272407732864675,0.00345707335387746,0.0017574692442882249
"[10, 10]",0.05,5,40,20,2.661976175261019,0.013181019332161686,0.003827388333305537,0.006151142355008787
"[10, 10]",0.05,5,40,40,2.391133725890313,0.05272407732864675,0.002190632187837327,0.0017574692442882262
"[10, 10]",0.05,10,10,10,2.6226194240277527,0.02372583479789104,0.0017870954471732592,0.006151142355008786
"[10, 10]",0.05,10,10,20,2.241794966613595,0.1625659050966608,0.006879493318876273,0.020210896309314594
"[10, 10]",0.05,10,10,40,2.083486698635282,0.28558875219683655,0.0025729757012551424,0.009666080843585223
"[10, 10]",0.05,10,20,10,2.9325190697787047,0.006151142355008788,0.006135126838872074,0.002636203866432339
"[10, 10]",0.05,10,20,20,2.5064467096483916,0.027240773286467485,0.008157969358979056,0.0008787346221441148
"[10, 10]",0.05,10,20,40,2.1819144677280344,0.16608084358523728,0.009865360414562652,0.009666080843585223
"[10, 10]",0.05,10,40,10,3.3544521770673086,0.0008787346221441124,0.0005095020465075706,0.0008787346221441124
"[10, 10]",0.05,10,40,20,2.854172920514549,0.007908611599297014,0.000994080435342104,0.0008787346221441139
"[10, 10]",0.05,10,40,40,2.654439118240309,0.009666080843585239,0.003102144264012452,0.007908611599297012
"[10, 10]",0.5,1,10,10,1.9709408679223759,0.3919156414762742,0.0026197631134007304,0.007029876977152877
"[10, 10]",0.5,1,10,20,1.9276265125135743,0.5869947275922671,0.0048093206322327164,0.017574692442882234
"[10, 10]",0.5,1,10,40,1.9037699783594968,0.687170474516696,0.0016064203439867253,0.00351493848857648
"[10, 10]",0.5,1,20,10,2.00810582230436,0.37873462214411246,0.0039018315181056362,0.025483304042179272
"[10, 10]",0.5,1,20,20,1.950515133630458,0.4507908611599297,0.008677543139920973,0.05008787346221444
"[10, 10]",0.5,1,20,40,1.920579360868488,0.6669595782073814,0.0010086103160124038,0.011423550087873435
"[10, 10]",0.5,1,40,10,2.1013418329011406,0.18014059753954306,0.004159098295625885,0.011423550087873463
"[10, 10]",0.5,1,40,20,1.9954080119406077,0.3409490333919156,0.008265886605439254,0.007029876977152877
"[10, 10]",0.5,1,40,40,1.9446020513386404,0.484182776801406,0.004299043386324364,0.021968365553602792
"[10, 10]",0.5,5,10,10,2.090918439019068,0.22056239015817225,0.011624913855712293,0.013181019332161717
"[10, 10]",0.5,5,10,20,1.9739544199594437,0.38752196836555364,0.0011034710779277423,0.03427065026362039
"[10, 10]",0.5,5,10,40,1.9312235090522747,0.5667838312829525,5.014189641505684e-05,0.02196836555360282
"[10, 10]",0.5,5,20,10,2.3803525604216267,0.05887521968365554,0.003177160976594484,0.006151142355008788
"[10, 10]",0.5,5,20,20,2.047470803793134,0.2513181019332162,0.002728144638657559,0.022847100175746926
"[10, 10]",0.5,5,20,40,1.9824518112258982,0.40949033391915646,0.001495114120590002,0.019332161687170446
"[10, 10]",0.5,5,40,10,2.7608506362252268,0.004393673110720562,0.0016110836416856067,0.002636203866432337
"[10, 10]",0.5,5,40,20,2.3723647219896433,0.05184534270650264,0.008287787044313655,0.014938488576449915
"[10, 10]",0.5,5,40,40,2.131305000958675,0.1572934973637961,0.0005532399136429778,0.009666080843585237
"[10, 10]",0.5,10,10,10,2.1784088476529564,0.1818980667838313,0.01585133719856824,0.006151142355008785
"[10, 10]",0.5,10,10,20,1.9950099073741967,0.36115992970123023,0.001360817751432486,0.02372583479789106
"[10, 10]",0.5,10,10,40,1.9314872547629829,0.5149384885764499,0.006904045080093124,0.06678383128295257
"[10, 10]",0.5,10,20,10,2.6096781811281886,0.02021089630931459,0.0022217632782246532,0.0026362038664323392
"[10, 10]",0.5,10,20,20,2.1074873092433988,0.2056239015817223,0.0067564586145263394,0.014059753954305781
"[10, 10]",0.5,10,20,40,2.0078139208567483,0.35676625659050965,0.006620238254899213,0.01581722319859405
"[10, 10]",0.5,10,40,10,3.0301844517672296,0.007029876977152899,0.00828376236818551,0.0
"[10, 10]",0.5,10,40,20,2.653976596715682,0.008787346221441127,0.0030566979400488137,0.0
"[10, 10]",0.5,10,40,40,2.5485816483617536,0.029876977152899824,0.0031169761363369908,0.005272407732864677
